timestamp,actual,predicted
2024-01-02 00:00:00,0.0,0.0
2024-01-02 01:00:00,0.0,0.0
2024-01-02 02:00:00,0.0,0.0
2024-01-02 03:00:00,0.0,0.0
2024-01-02 04:00:00,0.0,0.0
2024-01-02 05:00:00,0.0,0.0
2024-01-02 06:00:00,0.0,54.128674
2024-01-02 09:00:00,116.46,69.130264
2024-01-02 10:00:00,174.72,205.15002
2024-01-02 11:00:00,241.08,228.21577
2024-01-02 12:00:00,230.44,253.39279
2024-01-02 13:00:00,132.87,227.70418
2024-01-02 14:00:00,76.79,118.03696
2024-01-02 15:00:00,46.7,88.48885
2024-01-02 16:00:00,21.43,51.70315
2024-01-02 17:00:00,4.65,31.642206
2024-01-02 19:00:00,5.78,0.0
2024-01-02 20:00:00,4.04,0.0
2024-01-02 21:00:00,1.22,0.0
2024-01-02 22:00:00,0.01,0.0
2024-01-02 23:00:00,0.0,0.0
2024-01-09 00:00:00,0.0,0.0
2024-01-09 01:00:00,0.0,0.0
2024-01-09 02:00:00,0.0,0.0
2024-01-09 03:00:00,0.0,0.0
2024-01-09 04:00:00,0.0,0.0
2024-01-09 05:00:00,0.0,0.0
2024-01-09 06:00:00,0.0,65.32883
2024-01-09 09:00:00,50.23,82.31857
2024-01-09 10:00:00,61.05,113.33706
2024-01-09 11:00:00,35.07,125.46772
2024-01-09 12:00:00,19.22,58.010975
2024-01-09 13:00:00,17.14,56.265705
2024-01-09 14:00:00,17.75,44.21092
2024-01-09 15:00:00,15.54,41.448105
2024-01-09 16:00:00,5.13,27.656733
2024-01-09 17:00:00,0.7,14.570483
2024-01-09 19:00:00,0.73,0.0
2024-01-09 20:00:00,0.24,0.0
2024-01-09 21:00:00,0.01,0.0
2024-01-09 22:00:00,0.0,0.0
2024-01-09 23:00:00,0.0,0.0
2024-01-14 00:00:00,0.0,0.0
2024-01-14 01:00:00,0.0,0.0
2024-01-14 02:00:00,0.0,0.0
2024-01-14 03:00:00,0.0,0.0
2024-01-14 04:00:00,0.0,0.0
2024-01-14 05:00:00,0.0,0.0
2024-01-14 06:00:00,0.0,74.88007
2024-01-14 08:00:00,34.05,100.253685
2024-01-14 09:00:00,134.02,130.11066
2024-01-14 10:00:00,226.52,222.9487
2024-01-14 11:00:00,280.69,258.59045
2024-01-14 12:00:00,292.79,271.11215
2024-01-14 13:00:00,267.31,268.12698
2024-01-14 14:00:00,218.66,239.3776
2024-01-14 15:00:00,155.39,181.67175
2024-01-14 16:00:00,58.99,104.35994
2024-01-14 17:00:00,8.98,27.199642
2024-01-14 18:00:00,4.06,17.56164
2024-01-14 19:00:00,5.81,0.0
2024-01-14 20:00:00,4.73,0.0
2024-01-14 21:00:00,2.63,0.0
2024-01-14 22:00:00,0.37,0.0
2024-01-14 23:00:00,0.0,0.0
2024-01-15 00:00:00,0.0,0.0
2024-01-15 01:00:00,0.0,0.0
2024-01-15 02:00:00,0.0,0.0
2024-01-15 03:00:00,0.0,0.0
2024-01-15 04:00:00,0.0,0.0
2024-01-15 05:00:00,0.0,0.0
2024-01-15 06:00:00,0.0,59.622524
2024-01-15 09:00:00,143.88,77.179214
2024-01-15 10:00:00,230.77,224.86333
2024-01-15 11:00:00,293.55,267.47876
2024-01-15 12:00:00,317.29,280.96753
2024-01-15 13:00:00,305.73,281.63983
2024-01-15 14:00:00,275.65,267.026
2024-01-15 15:00:00,205.51,228.35435
2024-01-15 16:00:00,83.46,146.11224
2024-01-15 17:00:00,10.76,38.153984
2024-01-15 18:00:00,4.43,15.4723215
2024-01-15 19:00:00,6.89,0.0
2024-01-15 20:00:00,5.62,0.0
2024-01-15 21:00:00,3.44,0.0
2024-01-15 22:00:00,0.89,0.0
2024-01-15 23:00:00,0.0,0.0
2024-01-16 00:00:00,0.0,0.0
2024-01-16 01:00:00,0.0,0.0
2024-01-16 02:00:00,0.0,0.0
2024-01-16 03:00:00,0.0,0.0
2024-01-16 04:00:00,0.0,0.0
2024-01-16 05:00:00,0.0,0.0
2024-01-16 06:00:00,0.0,72.11732
2024-01-16 09:00:00,149.76,107.53987
2024-01-16 10:00:00,243.86,234.12357
2024-01-16 11:00:00,298.71,270.05832
2024-01-16 12:00:00,312.57,281.50525
2024-01-16 13:00:00,308.86,278.82767
2024-01-16 14:00:00,251.5,268.035
2024-01-16 15:00:00,187.33,203.71269
2024-01-16 16:00:00,53.05,126.04469
2024-01-16 17:00:00,9.21,27.84988
2024-01-16 18:00:00,4.37,19.284922
2024-01-16 19:00:00,7.32,0.0
2024-01-16 20:00:00,6.74,0.0
2024-01-16 21:00:00,4.42,0.0
2024-01-16 22:00:00,0.88,0.0
2024-01-16 23:00:00,0.0,0.0
2024-01-17 00:00:00,0.0,0.0
2024-01-17 01:00:00,0.0,0.0
2024-01-17 02:00:00,0.0,0.0
2024-01-17 03:00:00,0.0,0.0
2024-01-17 04:00:00,0.0,0.0
2024-01-17 05:00:00,0.0,0.0
2024-01-17 06:00:00,0.0,53.173916
2024-01-17 08:00:00,13.79,82.810684
2024-01-17 09:00:00,40.05,66.51581
2024-01-17 10:00:00,97.53,110.8733
2024-01-17 11:00:00,139.0,176.02957
2024-01-17 12:00:00,185.48,180.54376
2024-01-17 13:00:00,202.03,195.84918
2024-01-17 14:00:00,198.1,181.68852
2024-01-17 15:00:00,107.08,154.92426
2024-01-17 16:00:00,57.42,57.0169
2024-01-17 17:00:00,13.09,31.47925
2024-01-17 18:00:00,4.43,14.154481
2024-01-17 19:00:00,6.95,0.0
2024-01-17 20:00:00,5.44,0.0
2024-01-17 21:00:00,1.73,0.0
2024-01-17 22:00:00,0.21,0.0
2024-01-17 23:00:00,0.0,0.0
2024-01-18 00:00:00,0.0,0.0
2024-01-18 01:00:00,0.0,0.0
2024-01-18 02:00:00,0.0,0.0
2024-01-18 03:00:00,0.0,0.0
2024-01-18 04:00:00,0.0,0.0
2024-01-18 05:00:00,0.0,0.0
2024-01-18 06:00:00,0.0,46.010254
2024-01-18 11:00:00,80.35,59.890617
2024-01-18 12:00:00,80.54,126.4379
2024-01-18 13:00:00,34.27,105.55067
2024-01-18 14:00:00,44.07,39.933777
2024-01-18 15:00:00,30.89,73.6021
2024-01-18 16:00:00,10.31,31.267332
2024-01-18 17:00:00,2.09,18.2945
2024-01-18 19:00:00,0.93,0.0
2024-01-18 20:00:00,0.06,0.0
2024-01-18 21:00:00,0.0,0.0
2024-01-18 22:00:00,0.0,0.0
2024-01-18 23:00:00,0.0,0.0
2024-01-19 00:00:00,0.0,0.0
2024-01-19 01:00:00,0.0,0.0
2024-01-19 02:00:00,0.0,0.0
2024-01-19 03:00:00,0.0,0.0
2024-01-19 04:00:00,0.0,0.0
2024-01-19 05:00:00,0.0,0.0
2024-01-19 06:00:00,0.0,50.36619
2024-01-19 10:00:00,44.39,38.103287
2024-01-19 11:00:00,37.56,80.98929
2024-01-19 12:00:00,36.39,60.378403
2024-01-19 13:00:00,46.56,54.742046
2024-01-19 14:00:00,44.15,63.80506
2024-01-19 15:00:00,21.95,46.939377
2024-01-19 19:00:00,0.71,0.0
2024-01-19 20:00:00,0.58,0.0
2024-01-19 21:00:00,0.12,0.0
2024-01-19 22:00:00,0.01,0.0
2024-01-19 23:00:00,0.0,0.0
2024-01-20 00:00:00,0.0,0.0
2024-01-20 01:00:00,0.0,0.0
2024-01-20 02:00:00,0.0,0.0
2024-01-20 03:00:00,0.0,0.0
2024-01-20 04:00:00,0.0,0.0
2024-01-20 05:00:00,0.0,0.0
2024-01-20 06:00:00,0.0,50.156193
2024-01-20 11:00:00,18.89,42.831734
2024-01-20 12:00:00,17.78,34.640106
2024-01-20 13:00:00,19.74,34.647564
2024-01-20 14:00:00,18.99,34.68325
2024-01-20 15:00:00,12.43,30.237976
2024-01-20 19:00:00,0.29,0.0
2024-01-20 20:00:00,0.03,0.0
2024-01-20 21:00:00,0.0,0.0
2024-01-20 22:00:00,0.0,0.0
2024-01-20 23:00:00,0.0,0.0
2024-01-21 00:00:00,0.0,0.0
2024-01-21 01:00:00,0.0,0.0
2024-01-21 02:00:00,0.0,0.0
2024-01-21 03:00:00,0.0,0.0
2024-01-21 04:00:00,0.0,0.0
2024-01-21 05:00:00,0.0,0.0
2024-01-21 06:00:00,0.0,49.276676
2024-01-21 10:00:00,67.67,52.949837
2024-01-21 11:00:00,61.32,116.74159
2024-01-21 12:00:00,58.12,90.01257
2024-01-21 13:00:00,31.26,76.805405
2024-01-21 14:00:00,20.48,42.28479
2024-01-21 15:00:00,19.91,35.02158
2024-01-21 19:00:00,0.76,0.0
2024-01-21 20:00:00,0.16,0.0
2024-01-21 21:00:00,0.0,0.0
2024-01-21 22:00:00,0.0,0.0
2024-01-21 23:00:00,0.0,0.0
2024-01-22 00:00:00,0.0,0.0
2024-01-22 01:00:00,0.0,0.0
2024-01-22 02:00:00,0.0,0.0
2024-01-22 03:00:00,0.0,0.0
2024-01-22 04:00:00,0.0,0.0
2024-01-22 05:00:00,0.0,0.0
2024-01-22 06:00:00,0.0,48.608295
2024-01-22 10:00:00,72.19,70.013855
2024-01-22 11:00:00,71.6,141.45065
2024-01-22 12:00:00,70.29,120.58943
2024-01-22 13:00:00,58.72,103.40708
2024-01-22 14:00:00,54.45,79.38805
2024-01-22 15:00:00,40.89,68.73918
2024-01-22 16:00:00,18.61,45.87075
2024-01-22 17:00:00,3.21,23.314428
2024-01-22 19:00:00,0.62,0.0
2024-01-22 20:00:00,0.1,0.0
2024-01-22 21:00:00,0.01,0.0
2024-01-22 22:00:00,0.0,0.0
2024-01-22 23:00:00,0.0,0.0
2024-01-23 00:00:00,0.0,0.0
2024-01-23 01:00:00,0.0,0.0
2024-01-23 02:00:00,0.0,0.0
2024-01-23 03:00:00,0.0,0.0
2024-01-23 04:00:00,0.0,0.0
2024-01-23 05:00:00,0.0,0.0
2024-01-23 06:00:00,0.0,29.167736
2024-01-23 09:00:00,21.05,50.843704
2024-01-23 10:00:00,54.06,54.642353
2024-01-23 11:00:00,77.03,106.89009
2024-01-23 12:00:00,97.53,100.717026
2024-01-23 13:00:00,106.0,118.78887
2024-01-23 14:00:00,55.26,117.037125
2024-01-23 15:00:00,37.53,53.232616
2024-01-23 16:00:00,12.35,35.98726
2024-01-23 17:00:00,2.76,13.541863
2024-01-23 19:00:00,2.22,0.0
2024-01-23 20:00:00,0.08,0.0
2024-01-23 21:00:00,0.0,0.0
2024-01-23 22:00:00,0.0,0.0
2024-01-23 23:00:00,0.0,0.0
2024-01-24 00:00:00,0.0,0.0
2024-01-24 01:00:00,0.0,0.0
2024-01-24 02:00:00,0.0,0.0
2024-01-24 03:00:00,0.0,0.0
2024-01-24 04:00:00,0.0,0.0
2024-01-24 05:00:00,0.0,0.0
2024-01-24 06:00:00,0.0,8.886781
2024-01-24 10:00:00,23.61,34.241875
2024-01-24 11:00:00,39.27,48.826035
2024-01-24 12:00:00,51.27,67.82165
2024-01-24 13:00:00,50.69,71.14935
2024-01-24 14:00:00,54.91,66.31599
2024-01-24 15:00:00,51.35,65.219734
2024-01-24 16:00:00,22.04,48.596226
2024-01-24 19:00:00,0.72,0.0
2024-01-24 20:00:00,0.06,0.0
2024-01-24 21:00:00,0.0,0.0
2024-01-24 22:00:00,0.0,0.0
2024-01-24 23:00:00,0.0,0.0
2024-01-29 00:00:00,0.0,0.0
2024-01-29 01:00:00,0.0,0.0
2024-01-29 02:00:00,0.0,0.0
2024-01-29 03:00:00,0.0,0.0
2024-01-29 04:00:00,0.0,0.0
2024-01-29 05:00:00,0.0,0.0
2024-01-29 06:00:00,0.0,56.940193
2024-01-29 09:00:00,122.22,81.82305
2024-01-29 10:00:00,187.03,207.73488
2024-01-29 11:00:00,232.27,244.98912
2024-01-29 12:00:00,278.96,254.68285
2024-01-29 13:00:00,232.53,266.91998
2024-01-29 14:00:00,169.59,217.70435
2024-01-29 15:00:00,144.6,138.97044
2024-01-29 16:00:00,93.9,112.73397
2024-01-29 17:00:00,19.87,55.307808
2024-01-29 18:00:00,4.74,15.283267
2024-01-29 19:00:00,7.46,0.0
2024-01-29 20:00:00,6.54,0.0
2024-01-29 21:00:00,3.17,0.0
2024-01-29 22:00:00,0.45,0.0
2024-01-29 23:00:00,0.0,0.0
2024-01-30 00:00:00,0.0,0.0
2024-01-30 01:00:00,0.0,0.0
2024-01-30 02:00:00,0.0,0.0
2024-01-30 03:00:00,0.0,0.0
2024-01-30 04:00:00,0.0,0.0
2024-01-30 05:00:00,0.0,0.0
2024-01-30 06:00:00,0.0,48.117046
2024-01-30 09:00:00,33.34,71.835365
2024-01-30 10:00:00,39.28,81.13059
2024-01-30 11:00:00,30.98,82.38069
2024-01-30 12:00:00,38.72,62.878273
2024-01-30 13:00:00,55.51,72.42419
2024-01-30 14:00:00,50.05,82.20432
2024-01-30 15:00:00,27.98,55.024227
2024-01-30 16:00:00,17.26,30.06011
2024-01-30 17:00:00,4.54,18.841028
2024-01-30 18:00:00,1.45,8.953145
2024-01-30 19:00:00,1.96,0.0
2024-01-30 20:00:00,0.51,0.0
2024-01-30 21:00:00,0.13,0.0
2024-01-30 22:00:00,0.0,0.0
2024-01-30 23:00:00,0.0,0.0
2024-01-31 00:00:00,0.0,0.0
2024-01-31 01:00:00,0.0,0.0
2024-01-31 02:00:00,0.0,0.0
2024-01-31 03:00:00,0.0,0.0
2024-01-31 04:00:00,0.0,0.0
2024-01-31 05:00:00,0.0,0.0
2024-01-31 06:00:00,0.0,58.268524
2024-01-31 09:00:00,33.9,72.083305
2024-01-31 10:00:00,97.48,77.132416
2024-01-31 11:00:00,127.9,166.48695
2024-01-31 12:00:00,141.01,158.00815
2024-01-31 13:00:00,154.26,155.13474
2024-01-31 14:00:00,125.2,150.24876
2024-01-31 15:00:00,70.73,100.0595
2024-01-31 16:00:00,19.88,50.739002
2024-01-31 17:00:00,3.32,19.205898
2024-01-31 19:00:00,7.08,0.0
2024-01-31 20:00:00,4.9,0.0
2024-01-31 21:00:00,1.03,0.0
2024-01-31 22:00:00,0.2,0.0
2024-01-31 23:00:00,0.0,0.0
2024-02-04 00:00:00,0.0,0.0
2024-02-04 01:00:00,0.0,0.0
2024-02-04 02:00:00,0.0,0.0
2024-02-04 03:00:00,0.0,0.0
2024-02-04 04:00:00,0.0,0.0
2024-02-04 05:00:00,0.0,0.0
2024-02-04 06:00:00,0.0,49.1157
2024-02-04 10:00:00,106.86,60.225258
2024-02-04 11:00:00,116.73,165.53784
2024-02-04 12:00:00,137.21,152.53777
2024-02-04 13:00:00,95.06,156.45573
2024-02-04 14:00:00,55.44,90.259865
2024-02-04 15:00:00,21.23,52.9936
2024-02-04 16:00:00,17.57,24.84934
2024-02-04 17:00:00,3.65,21.184927
2024-02-04 19:00:00,2.75,0.0
2024-02-04 20:00:00,0.71,0.0
2024-02-04 21:00:00,0.31,0.0
2024-02-04 22:00:00,0.0,0.0
2024-02-04 23:00:00,0.0,0.0
2024-02-05 00:00:00,0.0,0.0
2024-02-05 01:00:00,0.0,0.0
2024-02-05 02:00:00,0.0,0.0
2024-02-05 03:00:00,0.0,0.0
2024-02-05 04:00:00,0.0,0.0
2024-02-05 05:00:00,0.0,0.0
2024-02-05 06:00:00,0.0,49.52953
2024-02-05 09:00:00,57.89,41.040028
2024-02-05 10:00:00,123.75,108.1907
2024-02-05 11:00:00,100.56,177.52219
2024-02-05 12:00:00,60.92,112.244446
2024-02-05 13:00:00,78.03,67.73327
2024-02-05 14:00:00,106.83,95.31694
2024-02-05 15:00:00,85.89,108.76129
2024-02-05 16:00:00,47.79,58.069862
2024-02-05 17:00:00,15.24,24.273296
2024-02-05 19:00:00,1.8,0.0
2024-02-05 20:00:00,0.06,0.0
2024-02-05 21:00:00,0.0,0.0
2024-02-05 22:00:00,0.0,0.0
2024-02-05 23:00:00,0.0,0.0
2024-02-06 00:00:00,0.0,0.0
2024-02-06 01:00:00,0.0,0.0
2024-02-06 02:00:00,0.0,0.0
2024-02-06 03:00:00,0.0,0.0
2024-02-06 04:00:00,0.0,0.0
2024-02-06 05:00:00,0.0,0.0
2024-02-06 10:00:00,107.42,47.43268
2024-02-06 11:00:00,108.91,169.27034
2024-02-06 12:00:00,97.1,152.64008
2024-02-06 13:00:00,90.86,116.67494
2024-02-06 14:00:00,72.05,103.01335
2024-02-06 15:00:00,80.73,75.04805
2024-02-06 16:00:00,70.07,75.38366
2024-02-06 17:00:00,16.81,46.131805
2024-02-06 19:00:00,4.45,0.0
2024-02-06 20:00:00,3.16,0.0
2024-02-06 21:00:00,1.64,0.0
2024-02-06 22:00:00,0.14,0.0
2024-02-06 23:00:00,0.0,0.0
2024-02-07 00:00:00,0.0,0.0
2024-02-07 01:00:00,0.0,0.0
2024-02-07 02:00:00,0.0,0.0
2024-02-07 03:00:00,0.0,0.0
2024-02-07 04:00:00,0.0,0.0
2024-02-07 05:00:00,0.0,0.0
2024-02-07 09:00:00,105.8,54.661182
2024-02-07 10:00:00,153.53,182.94943
2024-02-07 11:00:00,193.94,218.68188
2024-02-07 12:00:00,218.31,225.67973
2024-02-07 13:00:00,208.05,226.93744
2024-02-07 14:00:00,167.01,201.47806
2024-02-07 15:00:00,114.11,145.55171
2024-02-07 16:00:00,58.94,79.32485
2024-02-07 17:00:00,17.6,33.970875
2024-02-07 18:00:00,5.08,16.755138
2024-02-07 19:00:00,6.45,0.0
2024-02-07 20:00:00,3.59,0.0
2024-02-07 21:00:00,1.11,0.0
2024-02-07 22:00:00,0.05,0.0
2024-02-07 23:00:00,0.0,0.0
2024-02-08 00:00:00,0.0,0.0
2024-02-08 01:00:00,0.0,0.0
2024-02-08 02:00:00,0.0,0.0
2024-02-08 03:00:00,0.0,0.0
2024-02-08 04:00:00,0.0,0.0
2024-02-08 05:00:00,0.0,0.0
2024-02-08 09:00:00,112.74,52.401257
2024-02-08 10:00:00,160.59,188.28957
2024-02-08 11:00:00,151.93,222.93338
2024-02-08 12:00:00,115.74,178.36372
2024-02-08 13:00:00,106.9,137.36055
2024-02-08 14:00:00,107.94,122.3985
2024-02-08 15:00:00,105.75,113.37572
2024-02-08 16:00:00,81.76,91.83497
2024-02-08 17:00:00,26.41,53.060646
2024-02-08 18:00:00,4.61,14.545768
2024-02-08 19:00:00,5.81,0.0
2024-02-08 20:00:00,2.32,0.0
2024-02-08 21:00:00,0.62,0.0
2024-02-08 22:00:00,0.05,0.0
2024-02-08 23:00:00,0.0,0.0
2024-02-09 00:00:00,0.0,0.0
2024-02-09 01:00:00,0.0,0.0
2024-02-09 02:00:00,0.0,0.0
2024-02-09 03:00:00,0.0,0.0
2024-02-09 04:00:00,0.0,0.0
2024-02-09 05:00:00,0.0,0.0
2024-02-09 09:00:00,104.12,48.731514
2024-02-09 10:00:00,153.16,181.6294
2024-02-09 11:00:00,192.09,215.22058
2024-02-09 12:00:00,182.22,224.95389
2024-02-09 13:00:00,172.92,199.41301
2024-02-09 14:00:00,183.62,170.75839
2024-02-09 15:00:00,147.1,161.74252
2024-02-09 16:00:00,82.97,105.27288
2024-02-09 17:00:00,24.3,45.132202
2024-02-09 18:00:00,4.56,13.127315
2024-02-09 19:00:00,5.38,0.0
2024-02-09 20:00:00,1.84,0.0
2024-02-09 21:00:00,0.28,0.0
2024-02-09 22:00:00,0.0,0.0
2024-02-09 23:00:00,0.0,0.0
2024-02-10 00:00:00,0.0,0.0
2024-02-10 01:00:00,0.0,0.0
2024-02-10 02:00:00,0.0,0.0
2024-02-10 03:00:00,0.0,0.0
2024-02-10 04:00:00,0.0,0.0
2024-02-10 05:00:00,0.0,0.0
2024-02-10 09:00:00,41.95,53.11104
2024-02-10 10:00:00,103.63,98.06828
2024-02-10 11:00:00,123.0,176.93192
2024-02-10 12:00:00,154.69,154.15265
2024-02-10 13:00:00,126.88,179.41995
2024-02-10 14:00:00,116.7,118.782684
2024-02-10 15:00:00,88.57,103.39649
2024-02-10 16:00:00,38.9,64.29012
2024-02-10 17:00:00,9.19,23.835718
2024-02-10 18:00:00,4.04,11.968732
2024-02-10 19:00:00,4.05,0.0
2024-02-10 20:00:00,1.26,0.0
2024-02-10 21:00:00,0.6,0.0
2024-02-10 22:00:00,0.03,0.0
2024-02-10 23:00:00,0.0,0.0
2024-02-11 00:00:00,0.0,0.0
2024-02-11 01:00:00,0.0,0.0
2024-02-11 02:00:00,0.0,0.0
2024-02-11 03:00:00,0.0,0.0
2024-02-11 04:00:00,0.0,0.0
2024-02-11 05:00:00,0.0,0.0
2024-02-11 09:00:00,108.86,69.88177
2024-02-11 10:00:00,147.11,195.8204
2024-02-11 11:00:00,184.58,210.17282
2024-02-11 12:00:00,188.96,220.03917
2024-02-11 13:00:00,192.73,197.36073
2024-02-11 14:00:00,195.91,188.52994
2024-02-11 15:00:00,215.09,171.18231
2024-02-11 16:00:00,140.31,157.87334
2024-02-11 17:00:00,38.34,66.63341
2024-02-11 18:00:00,5.66,12.510692
2024-02-11 19:00:00,7.5,0.0
2024-02-11 20:00:00,5.57,0.0
2024-02-11 21:00:00,2.41,0.0
2024-02-11 22:00:00,0.18,0.0
2024-02-11 23:00:00,0.0,0.0
2024-02-12 00:00:00,0.0,0.0
2024-02-12 01:00:00,0.0,0.0
2024-02-12 02:00:00,0.0,0.0
2024-02-12 03:00:00,0.0,0.0
2024-02-12 04:00:00,0.0,0.0
2024-02-12 05:00:00,0.0,0.0
2024-02-12 08:00:00,69.04,73.51158
2024-02-12 09:00:00,179.44,176.79967
2024-02-12 10:00:00,259.06,247.13364
2024-02-12 11:00:00,309.34,271.13336
2024-02-12 12:00:00,330.17,284.34305
2024-02-12 13:00:00,323.7,284.77975
2024-02-12 14:00:00,289.89,271.934
2024-02-12 15:00:00,229.41,233.01962
2024-02-12 16:00:00,136.26,160.09581
2024-02-12 17:00:00,38.71,60.06797
2024-02-12 18:00:00,5.6,14.546098
2024-02-12 19:00:00,7.61,0.0
2024-02-12 20:00:00,6.8,0.0
2024-02-12 21:00:00,4.25,0.0
2024-02-12 22:00:00,0.91,0.0
2024-02-12 23:00:00,0.0,0.0
2024-02-13 00:00:00,0.0,0.0
2024-02-13 01:00:00,0.0,0.0
2024-02-13 02:00:00,0.0,0.0
2024-02-13 03:00:00,0.0,0.0
2024-02-13 04:00:00,0.0,0.0
2024-02-13 05:00:00,0.0,0.0
2024-02-13 08:00:00,44.05,72.30662
2024-02-13 09:00:00,123.04,148.43686
2024-02-13 10:00:00,206.79,209.24324
2024-02-13 11:00:00,260.78,246.55452
2024-02-13 12:00:00,290.42,261.057
2024-02-13 13:00:00,316.24,265.03638
2024-02-13 14:00:00,259.9,263.67267
2024-02-13 15:00:00,217.89,195.21701
2024-02-13 16:00:00,139.18,147.02495
2024-02-13 17:00:00,38.65,55.285995
2024-02-13 18:00:00,5.43,12.506118
2024-02-13 19:00:00,7.81,0.0
2024-02-13 20:00:00,7.02,0.0
2024-02-13 21:00:00,3.34,0.0
2024-02-13 22:00:00,0.67,0.0
2024-02-13 23:00:00,0.0,0.0
2024-02-14 00:00:00,0.0,0.0
2024-02-14 01:00:00,0.0,0.0
2024-02-14 02:00:00,0.0,0.0
2024-02-14 03:00:00,0.0,0.0
2024-02-14 04:00:00,0.0,0.0
2024-02-14 05:00:00,0.0,0.0
2024-02-14 06:00:00,0.0,44.11972
2024-02-14 09:00:00,35.32,65.00133
2024-02-14 10:00:00,33.67,68.29758
2024-02-14 11:00:00,36.04,63.789616
2024-02-14 12:00:00,81.04,64.028595
2024-02-14 13:00:00,88.9,120.02244
2024-02-14 14:00:00,110.14,89.048965
2024-02-14 15:00:00,72.53,104.34962
2024-02-14 16:00:00,32.98,44.687077
2024-02-14 17:00:00,10.27,19.809614
2024-02-14 18:00:00,2.89,9.252797
2024-02-14 19:00:00,3.11,0.0
2024-02-14 20:00:00,1.25,0.0
2024-02-14 21:00:00,0.17,0.0
2024-02-14 22:00:00,0.0,0.0
2024-02-14 23:00:00,0.0,0.0
2024-02-16 00:00:00,0.0,0.0
2024-02-16 01:00:00,0.0,0.0
2024-02-16 02:00:00,0.0,0.0
2024-02-16 03:00:00,0.0,0.0
2024-02-16 04:00:00,0.0,0.0
2024-02-16 05:00:00,0.0,0.0
2024-02-16 08:00:00,78.29,61.76691
2024-02-16 09:00:00,186.57,176.53462
2024-02-16 10:00:00,254.17,247.46692
2024-02-16 11:00:00,284.9,263.32275
2024-02-16 12:00:00,284.11,271.34106
2024-02-16 13:00:00,242.75,262.71588
2024-02-16 14:00:00,178.84,218.00891
2024-02-16 15:00:00,151.46,149.2698
2024-02-16 16:00:00,94.05,107.16408
2024-02-16 17:00:00,37.11,53.534172
2024-02-16 18:00:00,5.95,18.853989
2024-02-16 19:00:00,8.15,0.0
2024-02-16 20:00:00,7.25,0.0
2024-02-16 21:00:00,4.21,0.0
2024-02-16 22:00:00,0.86,0.0
2024-02-16 23:00:00,0.0,0.0
2024-02-17 00:00:00,0.0,0.0
2024-02-17 01:00:00,0.0,0.0
2024-02-17 02:00:00,0.0,0.0
2024-02-17 03:00:00,0.0,0.0
2024-02-17 04:00:00,0.0,0.0
2024-02-17 05:00:00,0.0,0.0
2024-02-17 08:00:00,74.14,72.95799
2024-02-17 09:00:00,165.82,177.2916
2024-02-17 19:00:00,8.19,0.0
2024-02-17 20:00:00,7.41,0.0
2024-02-17 21:00:00,4.68,0.0
2024-02-17 22:00:00,0.9,0.0
2024-02-17 23:00:00,0.0,0.0
2024-02-18 00:00:00,0.0,0.0
2024-02-18 01:00:00,0.0,0.0
2024-02-18 02:00:00,0.0,0.0
2024-02-18 03:00:00,0.0,0.0
2024-02-18 04:00:00,0.0,0.0
2024-02-18 05:00:00,0.0,0.0
2024-02-18 09:00:00,31.78,48.929634
2024-02-18 10:00:00,49.16,90.96948
2024-02-18 11:00:00,56.75,96.119995
2024-02-18 12:00:00,51.98,84.05662
2024-02-18 13:00:00,39.98,72.65487
2024-02-18 14:00:00,21.89,50.638996
2024-02-18 15:00:00,9.86,30.694242
2024-02-18 16:00:00,6.02,20.312328
2024-02-18 17:00:00,2.14,14.543315
2024-02-18 18:00:00,1.04,9.420562
2024-02-18 19:00:00,3.45,0.0
2024-02-18 20:00:00,0.93,0.0
2024-02-18 21:00:00,0.0,0.0
2024-02-18 22:00:00,0.0,0.0
2024-02-18 23:00:00,0.0,0.0
2024-02-19 00:00:00,0.0,0.0
2024-02-19 01:00:00,0.0,0.0
2024-02-19 02:00:00,0.0,0.0
2024-02-19 03:00:00,0.0,0.0
2024-02-19 04:00:00,0.0,0.0
2024-02-19 05:00:00,0.0,0.0
2024-02-19 06:00:00,0.0,51.549683
2024-02-19 09:00:00,94.42,56.228676
2024-02-19 10:00:00,103.55,167.77423
2024-02-19 11:00:00,152.54,133.84676
2024-02-19 12:00:00,141.26,181.9823
2024-02-19 13:00:00,151.79,140.91023
2024-02-19 14:00:00,124.11,142.37892
2024-02-19 15:00:00,114.0,98.89929
2024-02-19 16:00:00,62.56,75.37086
2024-02-19 17:00:00,10.39,29.819452
2024-02-19 19:00:00,3.06,0.0
2024-02-19 20:00:00,0.43,0.0
2024-02-19 21:00:00,0.03,0.0
2024-02-19 22:00:00,0.0,0.0
2024-02-19 23:00:00,0.0,0.0
2024-02-20 00:00:00,0.0,0.0
2024-02-20 01:00:00,0.0,0.0
2024-02-20 02:00:00,0.0,0.0
2024-02-20 03:00:00,0.0,0.0
2024-02-20 04:00:00,0.0,0.0
2024-02-20 05:00:00,0.0,0.0
2024-02-20 06:00:00,0.0,49.942364
2024-02-20 10:00:00,15.93,61.9124
2024-02-20 11:00:00,24.02,37.41966
2024-02-20 12:00:00,24.58,63.765095
2024-02-20 13:00:00,39.53,36.07915
2024-02-20 14:00:00,25.67,65.86972
2024-02-20 15:00:00,14.2,30.176842
2024-02-20 16:00:00,9.07,24.09852
2024-02-20 19:00:00,0.37,0.0
2024-02-20 20:00:00,0.03,0.0
2024-02-20 21:00:00,0.0,0.0
2024-02-20 22:00:00,0.0,0.0
2024-02-20 23:00:00,0.0,0.0
2024-02-21 00:00:00,0.0,0.0
2024-02-21 01:00:00,0.0,0.0
2024-02-21 02:00:00,0.0,0.0
2024-02-21 03:00:00,0.0,0.0
2024-02-21 04:00:00,0.0,0.0
2024-02-21 05:00:00,0.0,0.0
2024-02-21 06:00:00,0.0,49.962402
2024-02-21 09:00:00,19.47,45.154476
2024-02-21 10:00:00,13.56,27.915745
2024-02-21 11:00:00,13.15,42.34054
2024-02-21 12:00:00,36.39,35.404602
2024-02-21 13:00:00,64.42,59.90765
2024-02-21 14:00:00,23.54,74.29451
2024-02-21 15:00:00,22.71,28.858644
2024-02-21 16:00:00,13.25,29.7406
2024-02-21 17:00:00,3.03,14.345574
2024-02-21 19:00:00,1.11,0.0
2024-02-21 20:00:00,0.04,0.0
2024-02-21 21:00:00,0.0,0.0
2024-02-21 22:00:00,0.0,0.0
2024-02-21 23:00:00,0.0,0.0
2024-02-25 00:00:00,0.0,0.0
2024-02-25 01:00:00,0.0,0.0
2024-02-25 02:00:00,0.0,0.0
2024-02-25 03:00:00,0.0,0.0
2024-02-25 04:00:00,0.0,0.0
2024-02-25 05:00:00,0.0,0.0
2024-02-25 06:00:00,0.0,48.55035
2024-02-25 09:00:00,27.95,47.349205
2024-02-25 10:00:00,46.6,53.797802
2024-02-25 11:00:00,84.87,91.87765
2024-02-25 12:00:00,72.59,119.82067
2024-02-25 13:00:00,82.0,82.41612
2024-02-25 14:00:00,70.4,89.72923
2024-02-25 15:00:00,57.94,64.750755
2024-02-25 16:00:00,59.37,46.297386
2024-02-25 17:00:00,35.61,36.56705
2024-02-25 18:00:00,5.38,14.446128
2024-02-25 19:00:00,2.89,0.0
2024-02-25 20:00:00,0.87,0.0
2024-02-25 21:00:00,0.18,0.0
2024-02-25 22:00:00,0.0,0.0
2024-02-25 23:00:00,0.0,0.0
2024-02-26 00:00:00,0.0,0.0
2024-02-26 01:00:00,0.0,0.0
2024-02-26 02:00:00,0.0,0.0
2024-02-26 03:00:00,0.0,0.0
2024-02-26 04:00:00,0.0,0.0
2024-02-26 05:00:00,0.0,0.0
2024-02-26 09:00:00,123.66,51.07314
2024-02-26 10:00:00,209.39,192.2179
2024-02-26 11:00:00,286.07,248.13196
2024-02-26 12:00:00,325.0,277.09836
2024-02-26 13:00:00,312.19,284.2647
2024-02-26 14:00:00,307.22,268.21194
2024-02-26 15:00:00,244.48,247.1272
2024-02-26 16:00:00,163.36,173.56436
2024-02-26 17:00:00,57.88,84.09291
2024-02-26 18:00:00,6.78,17.57759
2024-02-26 19:00:00,7.84,0.0
2024-02-26 20:00:00,7.07,0.0
2024-02-26 21:00:00,4.6,0.0
2024-02-26 22:00:00,0.87,0.0
2024-02-26 23:00:00,0.0,0.0
2024-02-27 00:00:00,0.0,0.0
2024-02-27 01:00:00,0.0,0.0
2024-02-27 02:00:00,0.0,0.0
2024-02-27 03:00:00,0.0,0.0
2024-02-27 04:00:00,0.0,0.0
2024-02-27 05:00:00,0.0,0.0
2024-02-27 08:00:00,65.95,69.064224
2024-02-27 09:00:00,157.11,149.19395
2024-02-27 10:00:00,202.62,223.85544
2024-02-27 11:00:00,191.57,237.76495
2024-02-27 12:00:00,185.21,205.92644
2024-02-27 13:00:00,198.33,186.26953
2024-02-27 14:00:00,182.48,189.00275
2024-02-27 15:00:00,142.98,145.37186
2024-02-27 16:00:00,93.83,92.629036
2024-02-27 17:00:00,42.24,48.497765
2024-02-27 18:00:00,6.87,15.306764
2024-02-27 19:00:00,7.54,0.0
2024-02-27 20:00:00,6.98,0.0
2024-02-27 21:00:00,4.09,0.0
2024-02-27 22:00:00,0.78,0.0
2024-02-27 23:00:00,0.0,0.0
2024-02-28 00:00:00,0.0,0.0
2024-02-28 01:00:00,0.0,0.0
2024-02-28 02:00:00,0.0,0.0
2024-02-28 03:00:00,0.0,0.0
2024-02-28 04:00:00,0.0,0.0
2024-02-28 05:00:00,0.0,0.0
2024-02-28 08:00:00,48.12,64.35785
2024-02-28 09:00:00,73.34,121.32314
2024-02-28 10:00:00,90.07,135.4359
2024-02-28 11:00:00,123.48,140.03053
2024-02-28 12:00:00,161.08,162.90482
2024-02-28 13:00:00,172.94,177.63745
2024-02-28 14:00:00,117.29,162.7648
2024-02-28 15:00:00,64.31,86.37458
2024-02-28 16:00:00,32.41,46.55446
2024-02-28 17:00:00,15.2,22.7032
2024-02-28 18:00:00,4.97,17.502295
2024-02-28 19:00:00,5.3,0.0
2024-02-28 20:00:00,3.35,0.0
2024-02-28 21:00:00,0.99,0.0
2024-02-28 22:00:00,0.01,0.0
2024-02-28 23:00:00,0.0,0.0
2024-02-29 00:00:00,0.0,0.0
2024-02-29 01:00:00,0.0,0.0
2024-02-29 02:00:00,0.0,0.0
2024-02-29 03:00:00,0.0,0.0
2024-02-29 04:00:00,0.0,0.0
2024-02-29 05:00:00,0.0,0.0
2024-02-29 06:00:00,0.0,47.099113
2024-02-29 19:00:00,0.41,0.0
2024-02-29 20:00:00,0.03,0.0
2024-02-29 21:00:00,0.0,0.0
2024-02-29 22:00:00,0.0,0.0
2024-02-29 23:00:00,0.0,0.0
2024-03-01 00:00:00,0.0,0.0
2024-03-01 01:00:00,0.0,0.0
2024-03-01 02:00:00,0.0,0.0
2024-03-01 03:00:00,0.0,0.0
2024-03-01 04:00:00,0.0,0.0
2024-03-01 05:00:00,0.0,0.0
2024-03-01 08:00:00,76.77,50.606617
2024-03-01 09:00:00,146.48,156.79582
2024-03-01 10:00:00,160.58,218.31857
2024-03-01 11:00:00,180.5,201.50735
2024-03-01 12:00:00,182.78,207.78848
2024-03-01 13:00:00,133.69,191.5506
2024-03-01 14:00:00,106.3,132.84167
2024-03-01 15:00:00,99.24,99.92955
2024-03-01 16:00:00,56.31,87.373566
2024-03-01 17:00:00,21.52,45.032997
2024-03-01 18:00:00,5.23,18.937527
2024-03-01 19:00:00,5.28,0.0
2024-03-01 20:00:00,2.14,0.0
2024-03-01 21:00:00,0.37,0.0
2024-03-01 22:00:00,0.0,0.0
2024-03-01 23:00:00,0.0,0.0
2024-03-02 00:00:00,0.0,0.0
2024-03-02 01:00:00,0.0,0.0
2024-03-02 02:00:00,0.0,0.0
2024-03-02 03:00:00,0.0,0.0
2024-03-02 04:00:00,0.0,0.0
2024-03-02 05:00:00,0.0,0.0
2024-03-02 09:00:00,147.09,37.79003
2024-03-02 10:00:00,220.13,191.9285
2024-03-02 11:00:00,232.63,248.49173
2024-03-02 12:00:00,291.62,238.5324
2024-03-02 13:00:00,289.3,258.4708
2024-03-02 14:00:00,226.97,255.47165
2024-03-02 15:00:00,155.35,185.08202
2024-03-02 16:00:00,100.5,107.57786
2024-03-02 17:00:00,37.96,60.04578
2024-03-02 18:00:00,6.91,24.485275
2024-03-02 19:00:00,7.77,0.0
2024-03-02 20:00:00,5.95,0.0
2024-03-02 21:00:00,2.93,0.0
2024-03-02 22:00:00,0.33,0.0
2024-03-02 23:00:00,0.0,0.0
2024-03-04 00:00:00,0.0,0.0
2024-03-04 01:00:00,0.0,0.0
2024-03-04 02:00:00,0.0,0.0
2024-03-04 03:00:00,0.0,0.0
2024-03-04 04:00:00,0.0,0.0
2024-03-04 05:00:00,0.0,0.0
2024-03-04 08:00:00,67.37,61.771397
2024-03-04 09:00:00,117.17,144.53076
2024-03-04 10:00:00,179.94,188.61873
2024-03-04 11:00:00,227.22,219.28648
2024-03-04 12:00:00,114.92,243.86342
2024-03-04 13:00:00,46.55,108.35001
2024-03-04 14:00:00,39.74,76.43638
2024-03-04 15:00:00,12.85,58.68749
2024-03-04 16:00:00,7.99,28.731886
2024-03-04 19:00:00,4.62,0.0
2024-03-04 20:00:00,3.3,0.0
2024-03-04 21:00:00,1.06,0.0
2024-03-04 22:00:00,0.01,0.0
2024-03-04 23:00:00,0.0,0.0
2024-03-05 00:00:00,0.0,0.0
2024-03-05 01:00:00,0.0,0.0
2024-03-05 02:00:00,0.0,0.0
2024-03-05 03:00:00,0.0,0.0
2024-03-05 04:00:00,0.0,0.0
2024-03-05 05:00:00,0.0,0.0
2024-03-05 06:00:00,0.0,52.4431
2024-03-05 10:00:00,19.35,56.42482
2024-03-05 11:00:00,25.93,36.41067
2024-03-05 12:00:00,22.98,62.858974
2024-03-05 13:00:00,19.51,31.412466
2024-03-05 14:00:00,15.22,42.76803
2024-03-05 15:00:00,13.57,28.67452
2024-03-05 16:00:00,18.34,15.4726515
2024-03-05 17:00:00,5.73,18.66794
2024-03-05 19:00:00,0.3,0.0
2024-03-05 20:00:00,0.03,0.0
2024-03-05 21:00:00,0.0,0.0
2024-03-05 22:00:00,0.0,0.0
2024-03-05 23:00:00,0.0,0.0
2024-03-12 00:00:00,0.0,0.0
2024-03-12 01:00:00,0.0,0.0
2024-03-12 02:00:00,0.0,0.0
2024-03-12 03:00:00,0.0,0.0
2024-03-12 04:00:00,0.0,0.0
2024-03-12 05:00:00,0.0,0.0
2024-03-12 08:00:00,100.29,43.964203
2024-03-12 09:00:00,169.33,165.67812
2024-03-12 10:00:00,206.5,221.01506
2024-03-12 11:00:00,222.49,233.50192
2024-03-12 12:00:00,188.64,230.03864
2024-03-12 13:00:00,149.69,183.31163
2024-03-12 14:00:00,128.17,139.18437
2024-03-12 15:00:00,72.28,112.6453
2024-03-12 16:00:00,33.95,59.242313
2024-03-12 17:00:00,10.28,30.000185
2024-03-12 19:00:00,7.04,0.0
2024-03-12 20:00:00,4.86,0.0
2024-03-12 21:00:00,2.02,0.0
2024-03-12 22:00:00,0.18,0.0
2024-03-12 23:00:00,0.0,0.0
2024-03-18 00:00:00,0.0,0.0
2024-03-18 01:00:00,0.0,0.0
2024-03-18 02:00:00,0.0,0.0
2024-03-18 03:00:00,0.0,0.0
2024-03-18 04:00:00,0.0,0.0
2024-03-18 05:00:00,0.0,0.0
2024-03-18 08:00:00,123.51,64.59434
2024-03-18 09:00:00,222.18,192.34886
2024-03-18 10:00:00,290.76,256.0668
2024-03-18 11:00:00,334.41,275.9244
2024-03-18 12:00:00,351.57,286.9622
2024-03-18 13:00:00,340.64,287.18076
2024-03-18 14:00:00,304.76,273.2142
2024-03-18 15:00:00,234.28,235.28636
2024-03-18 16:00:00,143.39,158.5101
2024-03-18 17:00:00,39.83,62.593372
2024-03-18 18:00:00,7.76,17.668123
2024-03-18 19:00:00,7.5,0.0
2024-03-18 20:00:00,6.74,0.0
2024-03-18 21:00:00,4.28,0.0
2024-03-18 22:00:00,0.93,0.0
2024-03-18 23:00:00,0.0,0.0
2024-03-19 00:00:00,0.0,0.0
2024-03-19 01:00:00,0.0,0.0
2024-03-19 02:00:00,0.0,0.0
2024-03-19 03:00:00,0.0,0.0
2024-03-19 04:00:00,0.0,0.0
2024-03-19 05:00:00,0.0,0.0
2024-03-19 09:00:00,148.53,51.326942
2024-03-19 10:00:00,260.64,197.65112
2024-03-19 11:00:00,291.56,261.2562
2024-03-19 12:00:00,332.89,274.17114
2024-03-19 13:00:00,357.99,280.7985
2024-03-19 14:00:00,328.22,281.70306
2024-03-19 15:00:00,215.48,254.03084
2024-03-19 16:00:00,83.22,139.04155
2024-03-19 17:00:00,34.78,48.64832
2024-03-19 18:00:00,10.22,23.98343
2024-03-19 19:00:00,7.52,0.0
2024-03-19 20:00:00,6.66,0.0
2024-03-19 21:00:00,4.32,0.0
2024-03-19 22:00:00,0.88,0.0
2024-03-19 23:00:00,0.0,0.0
2024-03-26 00:00:00,0.0,0.0
2024-03-26 01:00:00,0.0,0.0
2024-03-26 02:00:00,0.0,0.0
2024-03-26 03:00:00,0.0,0.0
2024-03-26 04:00:00,0.0,0.0
2024-03-26 05:00:00,0.0,0.0
2024-03-26 08:00:00,32.79,53.75352
2024-03-26 09:00:00,71.1,74.54686
2024-03-26 10:00:00,142.61,126.45961
2024-03-26 11:00:00,151.79,191.43666
2024-03-26 12:00:00,173.9,183.17613
2024-03-26 13:00:00,184.52,185.87943
2024-03-26 14:00:00,171.94,174.26956
2024-03-26 15:00:00,148.64,141.84901
2024-03-26 16:00:00,105.13,103.95467
2024-03-26 17:00:00,43.79,57.9608
2024-03-26 18:00:00,9.63,18.865417
2024-03-26 19:00:00,3.46,0.0
2024-03-26 20:00:00,0.87,0.0
2024-03-26 21:00:00,0.05,0.0
2024-03-26 22:00:00,0.01,0.0
2024-03-26 23:00:00,0.0,0.0
2024-04-02 00:00:00,0.0,0.0
2024-04-02 01:00:00,0.0,0.0
2024-04-02 02:00:00,0.0,0.0
2024-04-02 03:00:00,0.0,0.0
2024-04-02 04:00:00,0.0,0.0
2024-04-02 05:00:00,0.01,0.0
2024-04-02 08:00:00,41.46,52.36937
2024-04-02 09:00:00,53.36,89.39996
2024-04-02 10:00:00,56.96,93.91451
2024-04-02 11:00:00,69.34,82.53884
2024-04-02 12:00:00,63.26,95.31009
2024-04-02 13:00:00,40.19,75.09412
2024-04-02 14:00:00,29.43,44.41324
2024-04-02 15:00:00,15.23,39.271973
2024-04-02 16:00:00,15.32,20.490908
2024-04-02 17:00:00,13.96,13.487369
2024-04-02 18:00:00,3.09,7.85687
2024-04-02 19:00:00,2.27,0.0
2024-04-02 20:00:00,0.4,0.0
2024-04-02 21:00:00,0.05,0.0
2024-04-02 22:00:00,0.0,0.0
2024-04-02 23:00:00,0.0,0.0
2024-04-12 00:00:00,0.0,0.0
2024-04-12 01:00:00,0.0,0.0
2024-04-12 02:00:00,0.0,0.0
2024-04-12 03:00:00,0.0,0.0
2024-04-12 04:00:00,0.0,0.0
2024-04-12 05:00:00,0.03,0.0
2024-04-12 07:00:00,51.96,48.64455
2024-04-12 08:00:00,131.67,129.74574
2024-04-12 09:00:00,209.27,202.41072
2024-04-12 10:00:00,276.18,235.5
2024-04-12 11:00:00,265.54,260.60992
2024-04-12 12:00:00,277.86,243.54622
2024-04-12 13:00:00,260.85,240.0174
2024-04-12 14:00:00,190.75,211.04214
2024-04-12 15:00:00,141.6,131.28171
2024-04-12 16:00:00,77.01,86.16918
2024-04-12 17:00:00,38.51,40.80171
2024-04-12 18:00:00,13.88,19.008743
2024-04-12 19:00:00,7.66,0.0
2024-04-12 20:00:00,6.92,0.0
2024-04-12 21:00:00,4.6,0.0
2024-04-12 22:00:00,0.93,0.0
2024-04-12 23:00:00,0.09,0.0
2024-04-13 00:00:00,0.0,0.0
2024-04-13 01:00:00,0.0,0.0
2024-04-13 02:00:00,0.0,0.0
2024-04-13 03:00:00,0.0,0.0
2024-04-13 04:00:00,0.0,0.0
2024-04-13 05:00:00,0.05,0.0
2024-04-13 07:00:00,52.46,50.2001
2024-04-13 08:00:00,135.17,122.357704
2024-04-13 09:00:00,222.91,198.30742
2024-04-13 10:00:00,278.03,245.35023
2024-04-13 11:00:00,302.76,260.62283
2024-04-13 12:00:00,328.4,264.49628
2024-04-13 13:00:00,337.8,267.87363
2024-04-13 14:00:00,309.32,259.22504
2024-04-13 15:00:00,258.62,218.25371
2024-04-13 16:00:00,178.07,156.02505
2024-04-13 17:00:00,85.44,72.805374
2024-04-13 18:00:00,20.21,21.332926
2024-04-13 19:00:00,7.87,0.0
2024-04-13 20:00:00,7.38,0.0
2024-04-13 21:00:00,4.75,0.0
2024-04-13 22:00:00,0.88,0.0
2024-04-13 23:00:00,0.0,0.0
2024-04-14 00:00:00,0.0,0.0
2024-04-14 01:00:00,0.0,0.0
2024-04-14 02:00:00,0.0,0.0
2024-04-14 03:00:00,0.0,0.0
2024-04-14 04:00:00,0.0,0.0
2024-04-14 05:00:00,0.04,0.0
2024-04-14 07:00:00,47.26,66.56088
2024-04-14 08:00:00,132.36,127.22139
2024-04-14 09:00:00,207.48,204.28738
2024-04-14 10:00:00,236.64,237.08473
2024-04-14 11:00:00,234.74,236.14542
2024-04-14 12:00:00,212.06,217.36026
2024-04-14 13:00:00,162.12,181.48795
2024-04-14 14:00:00,118.34,125.62753
2024-04-14 15:00:00,91.07,87.9744
2024-04-14 16:00:00,50.52,63.524696
2024-04-14 17:00:00,20.53,32.143085
2024-04-14 18:00:00,8.18,15.074502
2024-04-14 19:00:00,7.32,0.0
2024-04-14 20:00:00,5.84,0.0
2024-04-14 21:00:00,3.09,0.0
2024-04-14 22:00:00,0.32,0.0
2024-04-14 23:00:00,0.0,0.0
2024-04-15 00:00:00,0.0,0.0
2024-04-15 01:00:00,0.0,0.0
2024-04-15 02:00:00,0.0,0.0
2024-04-15 03:00:00,0.0,0.0
2024-04-15 04:00:00,0.0,0.0
2024-04-15 05:00:00,0.01,0.0
2024-04-15 08:00:00,42.01,54.022682
2024-04-15 09:00:00,99.83,85.8261
2024-04-15 10:00:00,136.98,163.98169
2024-04-15 11:00:00,110.07,171.67578
2024-04-15 12:00:00,134.87,118.1269
2024-04-15 13:00:00,159.67,151.24121
2024-04-15 14:00:00,126.17,154.71072
2024-04-15 15:00:00,133.29,94.83099
2024-04-15 16:00:00,122.25,96.45497
2024-04-15 17:00:00,68.94,71.66701
2024-04-15 18:00:00,16.36,27.084902
2024-04-15 19:00:00,6.76,0.0
2024-04-15 20:00:00,3.61,0.0
2024-04-15 21:00:00,1.18,0.0
2024-04-15 22:00:00,0.39,0.0
2024-04-15 23:00:00,0.02,0.0
2024-04-16 00:00:00,0.0,0.0
2024-04-16 01:00:00,0.0,0.0
2024-04-16 02:00:00,0.0,0.0
2024-04-16 03:00:00,0.0,0.0
2024-04-16 04:00:00,0.0,0.0
2024-04-16 05:00:00,0.06,0.0
2024-04-16 07:00:00,49.98,57.311737
2024-04-16 08:00:00,95.05,109.81482
2024-04-16 09:00:00,171.06,158.76212
2024-04-16 10:00:00,236.45,218.55356
2024-04-16 11:00:00,328.94,247.5842
2024-04-16 12:00:00,338.26,278.65753
2024-04-16 13:00:00,332.91,273.8044
2024-04-16 14:00:00,300.95,260.35468
2024-04-16 15:00:00,239.83,219.48747
2024-04-16 16:00:00,160.72,149.66608
2024-04-16 17:00:00,86.6,70.66227
2024-04-16 18:00:00,22.8,29.28317
2024-04-16 19:00:00,7.55,0.0
2024-04-16 20:00:00,6.98,0.0
2024-04-16 21:00:00,4.5,0.0
2024-04-16 22:00:00,1.14,0.0
2024-04-16 23:00:00,0.02,0.0
2024-04-17 00:00:00,0.0,0.0
2024-04-17 01:00:00,0.0,0.0
2024-04-17 02:00:00,0.0,0.0
2024-04-17 03:00:00,0.0,0.0
2024-04-17 04:00:00,0.0,0.0
2024-04-17 05:00:00,0.06,0.0
2024-04-17 07:00:00,65.09,64.90181
2024-04-17 08:00:00,110.68,144.17305
2024-04-17 09:00:00,134.51,181.78256
2024-04-17 10:00:00,162.84,169.39494
2024-04-17 11:00:00,170.71,187.21342
2024-04-17 12:00:00,147.83,178.64981
2024-04-17 13:00:00,122.53,141.93315
2024-04-17 14:00:00,107.73,108.09595
2024-04-17 15:00:00,103.24,88.892235
2024-04-17 16:00:00,48.69,76.56064
2024-04-17 17:00:00,27.32,31.498775
2024-04-17 18:00:00,11.34,17.15133
2024-04-17 19:00:00,4.93,0.0
2024-04-17 20:00:00,2.64,0.0
2024-04-17 21:00:00,1.35,0.0
2024-04-17 22:00:00,0.23,0.0
2024-04-17 23:00:00,0.0,0.0
2024-04-18 00:00:00,0.0,0.0
2024-04-18 01:00:00,0.0,0.0
2024-04-18 02:00:00,0.0,0.0
2024-04-18 03:00:00,0.0,0.0
2024-04-18 04:00:00,0.0,0.0
2024-04-18 05:00:00,0.06,0.0
2024-04-18 07:00:00,69.5,66.58811
2024-04-18 08:00:00,163.88,156.41934
2024-04-18 09:00:00,252.57,229.13972
2024-04-18 10:00:00,313.56,260.11682
2024-04-18 11:00:00,342.44,278.6064
2024-04-18 12:00:00,334.37,284.62238
2024-04-18 13:00:00,336.66,275.3457
2024-04-18 14:00:00,330.68,262.52618
2024-04-18 15:00:00,271.5,241.31798
2024-04-18 16:00:00,186.98,168.36371
2024-04-18 17:00:00,90.72,81.28433
2024-04-18 18:00:00,22.96,24.556711
2024-04-18 19:00:00,7.37,0.0
2024-04-18 20:00:00,6.87,0.0
2024-04-18 21:00:00,4.22,0.0
2024-04-18 22:00:00,0.95,0.0
2024-04-18 23:00:00,0.0,0.0
2024-04-23 00:00:00,0.0,0.0
2024-04-23 01:00:00,0.0,0.0
2024-04-23 02:00:00,0.0,0.0
2024-04-23 03:00:00,0.0,0.0
2024-04-23 04:00:00,0.0,0.0
2024-04-23 05:00:00,0.01,0.0
2024-04-23 09:00:00,88.68,54.226585
2024-04-23 10:00:00,93.96,138.67671
2024-04-23 11:00:00,102.99,138.6479
2024-04-23 12:00:00,113.94,129.9293
2024-04-23 13:00:00,91.04,128.56177
2024-04-23 14:00:00,49.76,89.01589
2024-04-23 15:00:00,16.18,48.247833
2024-04-23 16:00:00,13.08,23.87388
2024-04-23 17:00:00,11.3,19.66577
2024-04-23 18:00:00,6.92,8.934957
2024-04-23 19:00:00,4.03,0.0
2024-04-23 20:00:00,1.56,0.0
2024-04-23 21:00:00,0.33,0.0
2024-04-23 22:00:00,0.02,0.0
2024-04-23 23:00:00,0.0,0.0
2024-04-27 00:00:00,0.0,0.0
2024-04-27 01:00:00,0.0,0.0
2024-04-27 02:00:00,0.0,0.0
2024-04-27 03:00:00,0.0,0.0
2024-04-27 04:00:00,0.0,0.0
2024-04-27 05:00:00,0.1,0.0
2024-04-27 07:00:00,77.33,45.780617
2024-04-27 08:00:00,173.69,160.86192
2024-04-27 09:00:00,255.68,223.3003
2024-04-27 10:00:00,305.68,258.21423
2024-04-27 11:00:00,307.28,274.8173
2024-04-27 12:00:00,298.21,268.3315
2024-04-27 13:00:00,297.11,254.82532
2024-04-27 14:00:00,297.5,238.41035
2024-04-27 15:00:00,263.08,215.6149
2024-04-27 16:00:00,185.99,159.48972
2024-04-27 17:00:00,94.51,78.30114
2024-04-27 18:00:00,24.74,24.599651
2024-04-27 19:00:00,7.46,0.0
2024-04-27 20:00:00,6.75,0.0
2024-04-27 21:00:00,4.25,0.0
2024-04-27 22:00:00,0.81,0.0
2024-04-27 23:00:00,0.0,0.0
2024-04-29 00:00:00,0.0,0.0
2024-04-29 01:00:00,0.0,0.0
2024-04-29 02:00:00,0.0,0.0
2024-04-29 03:00:00,0.0,0.0
2024-04-29 04:00:00,0.0,0.0
2024-04-29 05:00:00,0.0,0.0
2024-04-29 09:00:00,34.09,43.160614
2024-04-29 10:00:00,79.77,55.597927
2024-04-29 11:00:00,75.2,134.52821
2024-04-29 12:00:00,49.71,80.592125
2024-04-29 13:00:00,36.93,61.219463
2024-04-29 14:00:00,25.83,50.357025
2024-04-29 15:00:00,30.18,37.294186
2024-04-29 16:00:00,21.45,36.677505
2024-04-29 17:00:00,14.74,18.72049
2024-04-29 18:00:00,6.36,9.416055
2024-04-29 19:00:00,2.26,0.0
2024-04-29 20:00:00,0.8,0.0
2024-04-29 21:00:00,0.0,0.0
2024-04-29 22:00:00,0.0,0.0
2024-04-29 23:00:00,0.0,0.0
2024-04-30 00:00:00,0.0,0.0
2024-04-30 01:00:00,0.0,0.0
2024-04-30 02:00:00,0.0,0.0
2024-04-30 03:00:00,0.0,0.0
2024-04-30 04:00:00,0.0,0.0
2024-04-30 05:00:00,0.09,0.0
2024-04-30 08:00:00,74.0,45.861095
2024-04-30 09:00:00,168.08,130.89616
2024-04-30 10:00:00,215.25,214.81976
2024-04-30 11:00:00,296.55,236.51169
2024-04-30 12:00:00,297.95,268.94217
2024-04-30 13:00:00,270.91,258.1789
2024-04-30 14:00:00,183.8,222.57715
2024-04-30 15:00:00,160.68,139.35736
2024-04-30 16:00:00,84.36,110.41997
2024-04-30 17:00:00,31.21,46.52394
2024-04-30 18:00:00,9.06,18.027546
2024-04-30 19:00:00,6.76,0.0
2024-04-30 20:00:00,6.0,0.0
2024-04-30 21:00:00,3.58,0.0
2024-04-30 22:00:00,0.62,0.0
2024-04-30 23:00:00,0.01,0.0
2024-05-07 00:00:00,0.0,0.0
2024-05-07 01:00:00,0.0,0.0
2024-05-07 02:00:00,0.0,0.0
2024-05-07 03:00:00,0.0,0.0
2024-05-07 04:00:00,0.0,0.0
2024-05-07 05:00:00,0.3,0.0
2024-05-07 07:00:00,81.13,64.04839
2024-05-07 08:00:00,169.16,160.9509
2024-05-07 09:00:00,251.52,227.44078
2024-05-07 10:00:00,307.79,260.48767
2024-05-07 11:00:00,330.61,276.04584
2024-05-07 12:00:00,332.25,279.64664
2024-05-07 13:00:00,323.09,271.68954
2024-05-07 14:00:00,296.74,252.40298
2024-05-07 15:00:00,247.23,215.31285
2024-05-07 16:00:00,170.75,147.2331
2024-05-07 17:00:00,86.85,69.011024
2024-05-07 18:00:00,28.24,22.685453
2024-05-07 19:00:00,8.6,0.0
2024-05-07 20:00:00,7.31,0.0
2024-05-07 21:00:00,4.78,0.0
2024-05-07 22:00:00,1.22,0.0
2024-05-07 23:00:00,0.02,0.0
2024-05-13 00:00:00,0.0,0.0
2024-05-13 01:00:00,0.0,0.0
2024-05-13 02:00:00,0.0,0.0
2024-05-13 03:00:00,0.0,0.0
2024-05-13 04:00:00,0.0,0.0
2024-05-13 05:00:00,0.41,0.0
2024-05-13 07:00:00,88.2,68.057686
2024-05-13 08:00:00,180.47,164.99626
2024-05-13 09:00:00,257.81,234.24348
2024-05-13 10:00:00,312.62,259.82993
2024-05-13 11:00:00,336.98,275.78494
2024-05-13 12:00:00,316.41,278.92715
2024-05-13 13:00:00,340.41,259.7528
2024-05-13 14:00:00,319.98,254.97963
2024-05-13 15:00:00,270.93,227.7299
2024-05-13 16:00:00,192.48,160.54826
2024-05-13 17:00:00,100.56,80.3869
2024-05-13 18:00:00,29.13,26.688477
2024-05-13 19:00:00,8.93,0.0
2024-05-13 20:00:00,6.63,0.0
2024-05-13 21:00:00,4.62,0.0
2024-05-13 22:00:00,0.88,0.0
2024-05-13 23:00:00,0.0,0.0
2024-05-14 00:00:00,0.0,0.0
2024-05-14 01:00:00,0.0,0.0
2024-05-14 02:00:00,0.0,0.0
2024-05-14 03:00:00,0.0,0.0
2024-05-14 04:00:00,0.0,0.0
2024-05-14 05:00:00,0.69,0.0
2024-05-14 07:00:00,90.78,73.68169
2024-05-14 08:00:00,183.37,171.40462
2024-05-14 09:00:00,257.7,237.2981
2024-05-14 10:00:00,306.73,258.78983
2024-05-14 11:00:00,329.63,273.56412
2024-05-14 12:00:00,335.75,276.46426
2024-05-14 13:00:00,329.47,270.80502
2024-05-14 14:00:00,307.64,253.76418
2024-05-14 15:00:00,266.19,219.66785
2024-05-14 16:00:00,192.06,164.42255
2024-05-14 17:00:00,102.01,80.688736
2024-05-14 18:00:00,30.29,27.838305
2024-05-14 19:00:00,9.06,0.0
2024-05-14 20:00:00,7.43,0.0
2024-05-14 21:00:00,4.86,0.0
2024-05-14 22:00:00,1.26,0.0
2024-05-14 23:00:00,0.02,0.0
2024-05-15 00:00:00,0.0,0.0
2024-05-15 01:00:00,0.0,0.0
2024-05-15 02:00:00,0.0,0.0
2024-05-15 03:00:00,0.0,0.0
2024-05-15 04:00:00,0.0,0.0
2024-05-15 05:00:00,0.71,0.0
2024-05-15 06:00:00,20.32,73.36841
2024-05-15 07:00:00,95.8,105.455635
2024-05-15 08:00:00,191.14,189.53006
2024-05-15 09:00:00,267.64,239.29337
2024-05-15 10:00:00,309.69,261.82693
2024-05-15 11:00:00,305.76,272.96924
2024-05-15 12:00:00,283.9,264.34576
2024-05-15 13:00:00,275.38,242.65639
2024-05-15 14:00:00,254.8,224.08075
2024-05-15 15:00:00,156.26,186.4322
2024-05-15 16:00:00,80.41,81.18527
2024-05-15 17:00:00,31.11,43.16363
2024-05-15 19:00:00,8.85,0.0
2024-05-15 20:00:00,6.75,0.0
2024-05-15 21:00:00,4.62,0.0
2024-05-15 22:00:00,1.3,0.0
2024-05-15 23:00:00,0.02,0.0
2024-05-20 00:00:00,0.0,0.0
2024-05-20 01:00:00,0.0,0.0
2024-05-20 02:00:00,0.0,0.0
2024-05-20 03:00:00,0.0,0.0
2024-05-20 04:00:00,0.0,0.0
2024-05-20 05:00:00,1.29,0.0
2024-05-20 06:00:00,23.88,65.79942
2024-05-20 07:00:00,93.07,93.88483
2024-05-20 08:00:00,171.14,177.88092
2024-05-20 09:00:00,219.99,223.05263
2024-05-20 10:00:00,240.55,234.1767
2024-05-20 11:00:00,299.55,234.0696
2024-05-20 12:00:00,296.68,255.47171
2024-05-20 13:00:00,272.44,242.73535
2024-05-20 14:00:00,218.1,208.37384
2024-05-20 15:00:00,168.08,142.61266
2024-05-20 16:00:00,176.83,92.02623
2024-05-20 17:00:00,104.98,99.83048
2024-05-20 18:00:00,29.92,32.623817
2024-05-20 19:00:00,9.64,0.0
2024-05-20 20:00:00,7.3,0.0
2024-05-20 21:00:00,4.69,0.0
2024-05-20 22:00:00,1.07,0.0
2024-05-20 23:00:00,0.02,0.0
2024-05-21 00:00:00,0.0,0.0
2024-05-21 01:00:00,0.0,0.0
2024-05-21 02:00:00,0.0,0.0
2024-05-21 03:00:00,0.0,0.0
2024-05-21 04:00:00,0.0,0.0
2024-05-21 05:00:00,0.99,0.0
2024-05-21 06:00:00,22.15,74.2436
2024-05-21 07:00:00,88.11,103.25406
2024-05-21 08:00:00,169.72,175.99976
2024-05-21 09:00:00,232.24,222.51573
2024-05-21 10:00:00,256.28,242.46906
2024-05-21 11:00:00,279.48,245.40903
2024-05-21 12:00:00,275.88,251.48938
2024-05-21 13:00:00,236.86,234.98741
2024-05-21 14:00:00,210.29,186.44365
2024-05-21 15:00:00,170.15,148.43015
2024-05-21 16:00:00,145.27,96.01209
2024-05-21 17:00:00,66.17,70.84625
2024-05-21 18:00:00,29.28,22.554083
2024-05-21 19:00:00,9.08,0.0
2024-05-21 20:00:00,7.13,0.0
2024-05-21 21:00:00,4.72,0.0
2024-05-21 22:00:00,1.24,0.0
2024-05-21 23:00:00,0.02,0.0
2024-05-26 00:00:00,0.0,0.0
2024-05-26 01:00:00,0.0,0.0
2024-05-26 02:00:00,0.0,0.0
2024-05-26 03:00:00,0.0,0.0
2024-05-26 04:00:00,0.0,0.0
2024-05-26 05:00:00,0.58,0.0
2024-05-26 07:00:00,53.9,69.33332
2024-05-26 08:00:00,107.6,131.57266
2024-05-26 09:00:00,98.32,170.10582
2024-05-26 10:00:00,74.68,118.28044
2024-05-26 11:00:00,78.74,91.14713
2024-05-26 12:00:00,61.98,98.96081
2024-05-26 13:00:00,49.74,69.11828
2024-05-26 14:00:00,27.41,54.18022
2024-05-26 15:00:00,24.22,31.386295
2024-05-26 16:00:00,26.2,24.629223
2024-05-26 17:00:00,23.06,16.297665
2024-05-26 18:00:00,7.7,8.634328
2024-05-26 19:00:00,3.82,0.0
2024-05-26 20:00:00,2.92,0.0
2024-05-26 21:00:00,1.7,0.0
2024-05-26 22:00:00,0.29,0.0
2024-05-26 23:00:00,0.02,0.0
2024-05-28 00:00:00,0.0,0.0
2024-05-28 01:00:00,0.0,0.0
2024-05-28 02:00:00,0.0,0.0
2024-05-28 03:00:00,0.0,0.0
2024-05-28 04:00:00,0.0,0.0
2024-05-28 05:00:00,1.12,0.0
2024-05-28 07:00:00,83.1,50.01996
2024-05-28 08:00:00,185.08,157.60713
2024-05-28 09:00:00,265.31,234.53763
2024-05-28 10:00:00,319.52,263.67447
2024-05-28 11:00:00,344.73,279.2545
2024-05-28 12:00:00,336.28,284.00967
2024-05-28 13:00:00,330.68,273.29816
2024-05-28 14:00:00,313.03,256.75656
2024-05-28 15:00:00,267.82,226.91039
2024-05-28 16:00:00,191.8,164.33212
2024-05-28 17:00:00,106.69,81.42614
2024-05-28 18:00:00,33.33,28.918316
2024-05-28 19:00:00,9.14,0.0
2024-05-28 20:00:00,6.37,0.0
2024-05-28 21:00:00,4.4,0.0
2024-05-28 22:00:00,1.21,0.0
2024-05-28 23:00:00,0.02,0.0
